id,cf_handle
0889cda5-9aef-4a41-9103-0a09e5d58832,cf_user_1
8c03180a-326e-4c5a-809f-83ccec43d1cf,cf_user_2
7e0714ae-bd09-44a7-892c-0e0a298c47f0,cf_user_3
4f91784a-50d8-443b-8201-43157b957423,cf_user_4
9140870c-1807-4106-b840-b9a7e46bffad,cf_user_5
80590879-2551-4cbf-a95a-97a72b8ddf06,cf_user_6
5b61edba-e7f2-4911-9e68-6a19ce5f76b5,cf_user_7
3c1f8bc2-d3f5-48bf-a188-9090b537eabb,cf_user_8
bb76a12b-b611-41fb-8659-c776e680f383,cf_user_9
37262bb6-dd42-4b35-bdd8-e172140b49c0,cf_user_10
ecf24047-6ed9-4aaa-95bf-87680ce03640,cf_user_11
5a686083-0f66-422e-8065-1d18b40b4842,cf_user_12
8b0605f4-549f-4048-99d5-1d608fb96e1a,cf_user_13
7dcd196a-eb22-4cc1-a8c6-d02860ced610,cf_user_14
78a7f4ed-0bf2-46d9-b312-86ae8e9a5298,cf_user_15
d22685f1-3188-4d8c-8f6f-4aeb67f20b13,cf_user_16
42e284d7-8bc1-465a-904a-305765b3ca59,cf_user_17
8c6ca1f8-78be-454e-89ed-d607ca43a907,cf_user_18
ecf61521-f6c8-4f4e-b8e3-6bc455014aac,cf_user_19
04389e9c-b6f5-402b-b57e-fdfafbf40f9c,cf_user_20
ad5adc59-cd0e-4c94-87e1-51b758a6f529,cf_user_21
440835d8-7204-477d-bc33-f5451b3602e5,cf_user_22
c50b51a1-26fa-459c-8665-8895603ed973,cf_user_23
8e89d9ec-6e69-4f51-a410-8b50b1d0f6c5,cf_user_24
c1812a57-67fb-4658-b6e2-ac75e60f0bc3,cf_user_25
7ab74bb0-d4c0-46ef-b2d6-b1090e3a1ced,cf_user_26
815cedd5-c0ec-4d44-9ce4-26aa13e50000,cf_user_27
b50731b9-1ea1-4369-92d5-f03b7b70cce6,cf_user_28
d1334286-a27e-4170-8781-e866563e0868,cf_user_29
d49578e0-1aba-4de6-a8af-2a76d353ffca,cf_user_30
3bf73fc9-1fa6-4d34-bc19-dc91f4db63bb,cf_user_31
cf7b4de0-efa5-42fc-8e57-5080121862df,cf_user_32
